category,skills
Software Engineering Jobs,['enterprise python php scripting software solutions bash tcl perl']
Software Engineering Jobs,['python enterprise catering data science software solutions model development machine learning']
Software Engineering Jobs,['python nosql cassandra ruby postgresql mongodb mysql']
Software Engineering Jobs,['python php nosql flask hadoop mongodb redis laravel mysql aws azure mariadb']
Software Engineering Jobs,['html5 javascript nodejs css']
Software Engineering Jobs,['java python web technologies web django php open source']
Software Engineering Jobs,['it javascript']
Software Engineering Jobs,['javascript sheets forms video google forms teams google']
Software Engineering Jobs,['devops windows linux']
Software Engineering Jobs,['devops python linux']
Software Engineering Jobs,['']
Software Engineering Jobs,['java junit rest hibernate git oracle spring db hub aws']
Software Engineering Jobs,['open source javascript']
Software Engineering Jobs,['javascript ios android studio css android studio']
Software Engineering Jobs,['javascript nodejs mean stack mysql angular']
Software Engineering Jobs,['cloud ansi sql spark sql ansi']
Software Engineering Jobs,['reactjs angular mongodb docker aws azure']
Software Engineering Jobs,['automation javascript html google analytics firebase google prototype analytics testing']
Software Engineering Jobs,['c c embedded embedded software embedded c embedded systems']
Software Engineering Jobs,['technical documentation documentation nodejs career development angularjs']
Software Engineering Jobs,['it application information technology technology']
Java Jobs,['spring security java cassandra security spring boot boot spring microservices redis kafka']
Java Jobs,['xml web soap hpux web services posix']
Java Jobs,['java']
Java Jobs,['unix java shell scripting scripting application architecture angular']
Java Jobs,['ios java android']
Java Jobs,['java core java framework spring spring framework']
Java Jobs,['java web developers']
Java Jobs,['java web core java']
Java Jobs,['java live']
Java Jobs,['automation java ui automation junit core java selenium testng cypress protractor testing cucumber']
Java Jobs,['angular']
Java Jobs,['java core java ee hibernate spring struts']
Java Jobs,['big data hbase scala hadoop spark aws hive']
Java Jobs,['java spring boot boot spring microservices']
Java Jobs,['java adobe adobe experience core java']
Java Jobs,['web rest framework hibernate spring boot boot spring web services']
Java Jobs,['java core java']
Java Jobs,['java core java rest spring boot boot spring angular']
Java Jobs,['java json spring boot boot spring microservices']
Javascript Jobs,['java javascript hibernate spring typescript jquery angular']
Javascript Jobs,['javascript angular nodejs']
Javascript Jobs,['reactjs javascript php nodejs']
Javascript Jobs,['ajax javascript json reactjs jquery bootstrap']
Javascript Jobs,['java javascript selenium testcomplete cucumber']
Javascript Jobs,['aspnet javascript c sql server mvc net aspnet mvc sql']
Javascript Jobs,['javascript reactjs nodejs typescript']
Javascript Jobs,['java nodejs']
Javascript Jobs,['javascript nodejs html expressjs mongodb redux css aws']
Javascript Jobs,['net']
Javascript Jobs,['javascript database html c net css']
Javascript Jobs,['automation mobile appium testing']
Javascript Jobs,['javascript']
Javascript Jobs,['ajax ux javascript html5 git gulpjs angular']
Javascript Jobs,['aspnet javascript web c api jquery web api']
Javascript Jobs,['javascript html typescript css angular bootstrap']
Javascript Jobs,['javascript angularjs html']
Javascript Jobs,['java javascript kotlin sdk android android sdk']
Javascript Jobs,['ios javascript swift']
Javascript Jobs,['scripting processing data processing']
Javascript Jobs,['jasmine html5 javascript html karma css angular']
Javascript Jobs,['javascript html css']
Javascript Jobs,['javascript php wordpress html css jquery mysql']
Technical Support Jobs,['chat']
Technical Support Jobs,['adobe it']
Technical Support Jobs,['l1']
Technical Support Jobs,['web chat web chat mail email email clients live']
Technical Support Jobs,['linux scripting network administration cce customer service']
Technical Support Jobs,['customer service cce']
Technical Support Jobs,['bpo written communication customer service interpersonal skills']
Technical Support Jobs,['adobe']
Technical Support Jobs,['bpo']
Technical Support Jobs,['customer service email chat']
Technical Support Jobs,['it service it active directory']
Technical Support Jobs,['sql application executive production maintenance']
Technical Support Jobs,['troubleshooting it design']
Technical Support Jobs,['operations office office operations']
Technical Support Jobs,['zimbra postfix qmail']
Technical Support Jobs,['troubleshooting adobe']
Python Jobs,['python numpy databases nosql django flask etl panda']
Python Jobs,['developers python php web']
Python Jobs,['ansible ci python jenkins multithreading cd']
Python Jobs,['unix agile linux rest flask aws azure']
Python Jobs,['python cloud spark sql aws']
Python Jobs,['linux cloud']
Python Jobs,['html5 python django']
Python Jobs,['sas python bfsi risk business analytics risk analytics sql analytics']
Python Jobs,['python web database framework web framework']
Python Jobs,['python live']
Python Jobs,['python']
Python Jobs,['python developers']
Python Jobs,['python django search angularjs mongodb jquery mysql']
Python Jobs,['python visual basic scripting application basic bash perl']
Python Jobs,['python web django flask reactjs aws']
Sql Jobs,['azure import export sql server etl storage sql import export']
Sql Jobs,['sql']
Sql Jobs,['dwh sql db azure']
Sql Jobs,['oracle database sql oracle database']
Sql Jobs,['aspnet restful webservices c angularjs microservices mvc net architecture jquery mysql azure']
Sql Jobs,['sql database']
Sql Jobs,['base sql database']
Sql Jobs,['database sql server crm sql azure']
Sql Jobs,['javascript web angular c mongodb api sql web api couchbase']
Sql Jobs,['java core java hibernate spring angular']
Sql Jobs,['oracle reports oracle erp oracle cloud']
Sql Jobs,['power bi sql server msbi reporting sql']
Sql Jobs,['etl sql']
Sql Jobs,['sql server sql ms']
Sql Jobs,['sql server sql database']
Sql Jobs,['lead generation inside sales cold calling campaigns']
Sql Jobs,['shell scripting c linux scripting c embedded embedded sql sql']
Sql Jobs,['database testing testing database']
Sql Jobs,['reporting']
Computer Operator Jobs,['office store']
Computer Operator Jobs,['office computer networking']
Computer Operator Jobs,['office front office']
Computer Operator Jobs,['excel office']
Computer Operator Jobs,['office base']
Computer Operator Jobs,['office online']
Computer Operator Jobs,['database base form filling form online']
Computer Operator Jobs,['operations database office operations office online']
Computer Operator Jobs,['office online database']
Computer Operator Jobs,['office']
Computer Operator Jobs,['office office administration front office']
Computer Operator Jobs,['bpo office typing online']
Computer Operator Jobs,['bpo o retail office executive networking']
HTML Jobs,['html5 web design web design css bootstrap']
HTML Jobs,['net aspnet']
HTML Jobs,['ci functional testing git html cd unit testing css testing blogging participation']
HTML Jobs,['javascript html c']
HTML Jobs,['html5 reactjs html css angular']
HTML Jobs,['es6 html expressjs reactjs db css mysql bootstrap']
HTML Jobs,['web']
HTML Jobs,['html5 javascript ux css']
HTML Jobs,['html5 javascript html css']
HTML Jobs,['lint']
HTML Jobs,['javascript jscript html css jquery']
CSS Jobs,['web technologies agile web mobile testing testing tools']
CSS Jobs,['swift cocoa touch ios cocoa objectivec multithreading sdk iphone xcode arc']
CSS Jobs,['agile uml test planning test execution scrum']
CSS Jobs,['aspnet c jquery sql server mvc net sql']
CSS Jobs,['aspnet']
CSS Jobs,['javascript html angular css']
AWS Jobs,['devops aws']
AWS Jobs,['aws']
AWS Jobs,['java sql oracle']
AWS Jobs,['web athena s3 amazon aws']
AWS Jobs,['aws architecting jenkins cloud']
AWS Jobs,['java devops aws']
AWS Jobs,['architecture aws']
AWS Jobs,['java hibernate html spring jpa redux css struts angular']
AWS Jobs,['jenkins git docker artifactory kubernetes architecture aws']
AWS Jobs,['devops aws cloud']
AWS Jobs,['java aws']
AWS Jobs,['python cloud security linux cloud security nagios configuration management aws']
AWS Jobs,['java cloud spring boot boot gateway devops spring api docker aws']
AWS Jobs,['java web amazon s3 spring boot boot spring microservices aws']
AWS Jobs,['automation nosql cloud s3 dynamo infrastructure design storage aws azure']
AWS Jobs,['java python sql server spring sql aws']
AWS Jobs,['architecture java python aws']
Networking Jobs,['emerging technologies inside sales']
Networking Jobs,['layer 2 openflow pmi itil']
Networking Jobs,['cisco nexus nexus enterprise enterprise manager web solaris oracle cisco storage netapp']
Networking Jobs,['firewalls analyzer fortinet ems']
Networking Jobs,['storage netapp web solaris']
Networking Jobs,['window network administrator']
Networking Jobs,['troubleshooting network engineering hardware installation desktop administration']
Networking Jobs,['active directory server support']
Networking Jobs,['bpo blackberry']
Networking Jobs,['network administrator']
Networking Jobs,['storage']
Networking Jobs,['vmware linux intune security active directory network administrator firewall windows intune network security windows aws azure']
Networking Jobs,['testing cloud']
Networking Jobs,['troubleshooting ip active directory']
Networking Jobs,['interview hiring scheduling']
Networking Jobs,['developers']
Receptionist Jobs,['commerce']
Angular Jobs,['macos angular firebase']
Angular Jobs,['html5 angularjs angular bootstrap']
Angular Jobs,['javascript angularjs typescript angular']
Angular Jobs,['html5 git frontend development jquery angular']
Angular Jobs,['angularjs angular typescript karma']
Angular Jobs,['jasmine java javascript core java hibernate reactjs karma devops angularjs spring typescript jquery angular bootstrap']
Angular Jobs,['java angularjs angular']
Angular Jobs,['java rest sass html css angular bootstrap less']
Angular Jobs,['ajax aspnet adonet web angular jquery sql server mvc api signalr aspnet mvc sql web api']
Angular Jobs,['javascript ionic git html interfaces emberjs scrum css angular']
Agile Jobs,['agile project coordination']
Agile Jobs,['seo digital marketing internet digital online']
Agile Jobs,['finance etl sql']
Agile Jobs,['recruiter']
Agile Jobs,['java javascript agile selenium scrum testing qa']
Agile Jobs,['agile scrum']
Agile Jobs,['python javascript django flask reactjs graphql aws']
Agile Jobs,['web nodejs amazon reactjs graphql aws']
Agile Jobs,['sales process']
Agile Jobs,['availability']
Agile Jobs,['manual testing selenium c api api testing testing']
Agile Jobs,['ios java php']
Agile Jobs,['product strategy agile product management strategy']
Agile Jobs,['design maps']
Agile Jobs,['lead generation']
Linux Jobs,['endpoint security security windows linux']
Linux Jobs,['unix root scripting samba root cause nagios nfs']
Linux Jobs,['suse itil vmware linux']
Linux Jobs,['linux cloud cloud computing git network administration computing lunix system administration windows sql']
Linux Jobs,['ansible python linux ruby puppet aws perl']
Linux Jobs,['patch management linux']
Linux Jobs,['linux system administration']
Linux Jobs,['c linux application c embedded embedded software firmware']
Linux Jobs,['linux kernel linux security kernel programming kernel testing']
Linux Jobs,['java linux plsql apex sql']
Linux Jobs,['spring aws spring boot boot']
Linux Jobs,['agile linux test cases ios oracle ubuntu oracle agile postgresql windows sql mysql']
Linux Jobs,['firmware i2c linux']
Linux Jobs,['nutanix vmware linux']
Linux Jobs,['vm linux']
Linux Jobs,['apache spark python s3 scala glue spark ec2 aws apache']
Html5 Jobs,['layout design']
Html5 Jobs,['html5 javascript php cms jquery']
Html5 Jobs,['html5 javascript angular bootstrap']
Html5 Jobs,['laravel html5 php wordpress']
Html5 Jobs,['aspnet javascript web angular sql server mvc api aspnet mvc sql web api']
Html5 Jobs,['html5 javascript nosql oauth typescript css bootstrap']
Html5 Jobs,['onbase kofax']
Html5 Jobs,['html5 json neo4j javascript responsive design git html maven jquery design angularjs sql mongodb design patterns css soap tomcat']
Html5 Jobs,['ajax html5 javascript plugins css jquery']
Html5 Jobs,['python django developers']
Html5 Jobs,['html5 javascript web nodejs amazon angular reactjs cordova web services gap']
Html5 Jobs,['net core html5 aspnet xml javascript c mvc net aspnet mvc jquery angular']
Html5 Jobs,['html5 javascript']
Html5 Jobs,['mvc web web api api']
Cloud Jobs,['cloud security cloud security cloud services cloud computing cloud storage cloud applications computing storage aws']
Cloud Jobs,['aws amazon web cloud']
Cloud Jobs,['it recruiter it recruitment']
Cloud Jobs,['operations bpo outsourcing office operations excel reporting office ms']
Cloud Jobs,['office chat']
Cloud Jobs,['operations office']
Cloud Jobs,['big data linux nodejs cloud microsoft microsoft azure ops devops mongodb ssl docker azure']
Cloud Jobs,['oracle oracle erp cloud development cloud']
Cloud Jobs,['emulator mainframe cloud microfocus clarity']
Cloud Jobs,['aws azure cloud']
Cloud Jobs,['fusion cloud otl oracle techno']
Cloud Jobs,['otl oracle fusion cloud']
Cloud Jobs,['security network security cloud']
Cloud Jobs,['finance oracle fusion cloud']
Cloud Jobs,['linux cloud windows administration windows storage aws']
Cloud Jobs,['python linux management system ubuntu patch management perl']
Cloud Jobs,['java salesforce jenkins functional testing selenium cloud maven api api testing testing cucumber']
Git Jobs,['git salesforce lightning']
Git Jobs,['reactjs']
Git Jobs,['appdynamics jenkins ecs groovy sonar git kubernetes devops bitbucket docker rlm']
Git Jobs,['moodle xml php json git']
Git Jobs,['java hibernate git maven spring jpa suite sql']
Git Jobs,['java jenkins nodejs angular']
Git Jobs,['debugging javascript git html css testing']
Git Jobs,['net core jenkins rabbit git stored procedures sql server net bitbucket sql angular']
Git Jobs,['automation ci json xml platforms selenium jira rest git html hp oracle rdbms sql server jmeter alm css sql qa']
Git Jobs,['java javascript agile go nodejs git html reactjs css']
Git Jobs,['javascript nodejs git devops yeoman bower aws']
Git Jobs,['python agile django nosql git scrum sql aws']
Git Jobs,['mockito java xml junit core java spring data hibernate spring boot boot maven spring gradle']
Azure Jobs,['cloud consulting microsoft cloud cloud services cloud computing microsoft azure computing azure paas']
Azure Jobs,['sql azure database']
Azure Jobs,['cloud consulting cloud security cloud security cloud services cloud computing cloud storage computing storage azure paas']
Azure Jobs,['windows azure microsoft framework git net framework devops windows net azure']
Azure Jobs,['c sql server devops powershell sql azure']
Azure Jobs,['azure database']
Azure Jobs,['database design sql azure sql azure']
Azure Jobs,['scala hadoop spark sql azure']
Azure Jobs,['net azure']
Azure Jobs,['azure lake']
Azure Jobs,['data engineering cloud lake sql azure sql azure']
Azure Jobs,['python sql azure']
Azure Jobs,['python jenkins scala iaas spark sql azure paas']
Azure Jobs,['net core devops azure net']
Azure Jobs,['devops azure']
Azure Jobs,['ansible automation jenkins devops azure']
Azure Jobs,['aspnet web api azure web api']
Azure Jobs,['spark azure']
Azure Jobs,['ad cloud lake devops azure']
Azure Jobs,['sql azure c database']
Azure Jobs,['ansible orchestration cd aws azure']
Technical Support Executive Jobs,['troubleshooting adobe operating systems']
Technical Support Executive Jobs,['adobe it network administrator']
Technical Support Executive Jobs,['adobe routers network administrator router cisco']
Technical Support Executive Jobs,['debugging gps sql']
Technical Support Executive Jobs,['bpo csr']
Technical Support Executive Jobs,['troubleshooting remote troubleshooting']
Technical Support Executive Jobs,['switches routers mac active directory dell windows server support exchange server windows server troubleshooting operating systems']
Technical Support Executive Jobs,['customer service']
Technical Support Executive Jobs,['it']
Kpo Jobs,['excel office ms customer service']
Kpo Jobs,['it network administrator']
Kpo Jobs,['outsourcing bpo']
Kpo Jobs,['bpo escalation']
Kpo Jobs,['bpo email chat']
Kpo Jobs,['international sales']
Kpo Jobs,['bpo chat social media email customer service']
Kpo Jobs,['sales direct bpo']
Kpo Jobs,['bpo office']
Kpo Jobs,['operations chat email office operations office customer service']
Testing Jobs,['manual testing json eis jira git mobile api alm app testing']
Testing Jobs,['automation java agile selenium cucumber testing insurance']
Testing Jobs,['software testing testing']
Testing Jobs,['automation qa automation appium mobile testing mobile app testing qa']
Testing Jobs,['testing database']
Testing Jobs,['java web scripting c mobile testing mobile api api testing testing qa']
Testing Jobs,['manual testing software testing live testing']
Testing Jobs,['automation qa automation jenkins web selenium api testing qa cucumber']
Testing Jobs,['automation selenium db qa']
Testing Jobs,['software testing testing qa']
Testing Jobs,['automation security testing python general security application testing application protocol embedded api api testing testing']
Testing Jobs,['automation testing manual testing']
Testing Jobs,['case automation manual testing software testing testing']
Testing Jobs,['mobile application qa']
Testing Jobs,['automation manual testing software testing testing qa']
Spring Jobs,['java spring boot boot scala spring']
Spring Jobs,['mockito spring security java spring mvc junit cloud core java security flow spring boot boot gateway spring maven mvc data flow gradle']
Spring Jobs,['mockito spring security spring mvc junit cloud security flow spring boot boot gateway spring maven mvc data flow gradle']
Spring Jobs,['eclipse cloud jira mysql angular']
Spring Jobs,['java oracle spring boot boot spring api']
Spring Jobs,['ci java spring boot boot spring cd']
Spring Jobs,['java spring boot boot spring angular']
Spring Jobs,['spring angular spring boot boot']
Spring Jobs,['java core java hibernate liferay struts']
Spring Jobs,['java hibernate spring boot boot spring microservices jpa']
Software Engineer Jobs,['wix']
Software Engineer Jobs,['automation storage python framework']
Software Engineer Jobs,['oracle c windows sql ms wpf']
Software Engineer Jobs,['davinci flash bootloader']
Software Engineer Jobs,['c rip dhcpv6 c mstp sdk 8021ag mld']
Software Engineer Jobs,['python web php flask angular reactjs mysql laravel']
Software Engineer Jobs,['rest c angularjs azure sql angular sql azure']
Software Engineer Jobs,['java aspnet xml adonet entity framework css framework html c jquery sql server visual studio mvc studio net linq sql']
Software Engineer Jobs,['kafka snow apache']
Software Engineer Jobs,['go']
Devops Jobs,['web cloud amazon devops aws']
Devops Jobs,['infrastructure application ip devops routing ssl paas']
Devops Jobs,['kubernetes devops aws jenkins']
Devops Jobs,['automation java qa automation selenium guidewire qa insurance']
Devops Jobs,['devops linux routers']
Devops Jobs,['devops']
Devops Jobs,['devops cloud']
Devops Jobs,['kubernetes devops aws cloud']
Devops Jobs,['devops jenkins']
Devops Jobs,['ci jenkins devops cd docker aws']
Devops Jobs,['devops aws web amazon']
Devops Jobs,['devops docker jenkins linux']
C++ Jobs,['c java c']
C++ Jobs,['c c communication protocols embedded firmware']
C++ Jobs,['java c cloud devops testing']
C++ Jobs,['bpo cash packing retail office']
C++ Jobs,['c oracle c linux']
C++ Jobs,['linux c principles design stl operating systems design principles']
C++ Jobs,['java javascript c microsoft c visual studio studio jquery azure']
C++ Jobs,['automation qa automation pc insurance pc qa insurance']
C++ Jobs,['aspnet framework c mvc net']
C++ Jobs,['aspnet javascript c mvc sql ms bootstrap']
C++ Jobs,['c python c']
Mvc Jobs,['entity framework framework sql server mvc net sql mysql']
Mvc Jobs,['entity framework framework c mvc net']
Mvc Jobs,['aspnet javascript web entity framework database es6 framework angular power bi c web api sql server mvc sql api net aspnet mvc jquery azure']
Mvc Jobs,['net objectoriented programming']
Mvc Jobs,['net core mvc angular net']
Mvc Jobs,['php web rdbms mvc cakephp mysql laravel apache']
Mvc Jobs,['jquery mvc net sql angular bootstrap']
Mvc Jobs,['aspnet c']
Mvc Jobs,['net aspnet angular mvc']
Mvc Jobs,['aspnet web c web api mvc api aspnet mvc azure']
Oracle Jobs,['unix shell scripting plsql scripting data migration oracle etl windows sql toad']
Oracle Jobs,['data migration rice oracle apps finance']
Oracle Jobs,['finance revenue oracle cloud']
Oracle Jobs,['supply cash oracle wip shipping manufacturing supply chain']
Oracle Jobs,['apps oracle']
Oracle Jobs,['apps technofunctional oracle application']
Oracle Jobs,['java oracle nosql']
Oracle Jobs,['analytics oracle cloud']
Oracle Jobs,['oracle applications apps application oracle']
Oracle Jobs,['java sql oracle rest']
Oracle Jobs,['design database']
Oracle Jobs,['enterprise data modeling cloud enterprise data oracle modeling analytics']
Oracle Jobs,['soa middleware oracle esb architecture suite']
Oracle Jobs,['oracle']
Oracle Jobs,['oracle cloud']
Oracle Jobs,['java python oracle distributed systems kafka sql']
Hibernate Jobs,['java core java hibernate docker struts']
Hibernate Jobs,['java web hibernate spring web services']
Hibernate Jobs,['java spring mvc web core java rest hibernate spring boot boot spring mvc web services angular']
Hibernate Jobs,['java framework spring spring framework servlets struts']
Hibernate Jobs,['java microservices']
Hibernate Jobs,['java agile core java hibernate spring boot boot spring']
Hibernate Jobs,['spring java hibernate core java']
Hibernate Jobs,['java hibernate spring boot boot spring']
Hibernate Jobs,['spring boot boot spring db mvc']
Hibernate Jobs,['spring java hibernate angular']
Hibernate Jobs,['java javascript hibernate devops aws angular']
Hibernate Jobs,['java javascript core java hibernate angular']
Hibernate Jobs,['java hibernate reactjs spring microservices']
Php Jobs,['moodle xml symfony php json git']
Php Jobs,['html5 javascript php framework jquery ui advanced css jquery mysql bootstrap']
Php Jobs,['developers web development php web']
Php Jobs,['javascript php symfony nodejs framework cmf bootstrap']
Php Jobs,['opencart php wordpress yii html magento bootstrap shopify css mysql drupal']
Php Jobs,['nodejs reactjs vuejs angularjs laravel']
Php Jobs,['php laravel']
Php Jobs,['framework php laravel']
Php Jobs,['php wordpress joomla magento drupal']
Php Jobs,['ajax javascript web php wordpress framework html reactjs jquery angularjs web services php frameworks css zend framework mysql laravel zend']
Php Jobs,['php wordpress web framework zend zend framework laravel drupal']
Php Jobs,['cmf symfony']
Php Jobs,['agile php framework mvc aws laravel']
Php Jobs,['php codeigniter bootstrap']
Php Jobs,['twitter php nosql cassandra database facebook bitbucket codeigniter search db cakephp redis google php frameworks css mysql laravel github']
Php Jobs,['ajax mysql php']
Core Java Jobs,['java algorithms multithreading core java']
Core Java Jobs,['java python web c core java design design patterns algorithms']
Core Java Jobs,['java angular core java']
Core Java Jobs,['java core java framework hibernate spring spring framework mvc struts']
Core Java Jobs,['java core java hibernate spring boot boot spring struts']
Core Java Jobs,['java cassandra mongodb sql aws']
Core Java Jobs,['java core java kafka spark aws hive']
Core Java Jobs,['java javascript angular core java']
jQuery Jobs,['aspnet winforms framework application net framework oracle c sql server mvc server programming api development api net aspnet mvc sql angular wpf']
jQuery Jobs,['research']
jQuery Jobs,['java aspnet javascript json ee c sql server sql jquery']
jQuery Jobs,['aspnet c sql server net sql']
jQuery Jobs,['wordpress plugin woocommerce']
jQuery Jobs,['php wordpress html woocommerce plugins css jquery']
jQuery Jobs,['database sql server mvc net sql']
Spring Boot Jobs,['java jenkins elasticsearch spring boot boot kubernetes spring docker data marts']
Spring Boot Jobs,['java aspnet reactjs spring boot boot spring net angular wpf']
Spring Boot Jobs,['spring java']
Spring Boot Jobs,['java architecture angular']
Xml Jobs,['javascript xml indesign']
Xml Jobs,['android']
Xml Jobs,['json sql xml']
Xml Jobs,['aspnet xml nodejs c sql']
Xml Jobs,['cq5 adobe adobe experience osgi']
Xml Jobs,['ajax aspnet json javascript xml soap c rdbms jquery developers net sql']
Xml Jobs,['xml sql android']
Xml Jobs,['unix json javascript web linux xml apache rest css mysql perl']
Xml Jobs,['dell boomi']
Xml Jobs,['esb mule esb']
Xml Jobs,['aspnet entity framework framework linq c aspnet core angular']
Xml Jobs,['java xml html c indesign jquery']
Xml Jobs,['aspnet framework net framework c sql server visual studio mvc studio net sql']
Xml Jobs,['xsp xml xquery weblogic xpression xpress']
Web Services Jobs,['web development web web services']
Web Services Jobs,['java javascript web scala postgresql spark web services mysql']
Web Services Jobs,['case manual testing web soap rest sql crm api api testing web services testing']
Web Services Jobs,['java web hibernate multithreading spring microservices web services']
Web Services Jobs,['web rest microservices web services tomcat']
Web Services Jobs,['web c design scrum rhapsody web services']
Web Services Jobs,['java web hibernate multithreading spring design microservices design patterns web services']
Web Services Jobs,['javascript xml web photoshop html dreamweaver css flash']
Web Services Jobs,['scripting article writing']
Web Services Jobs,['web devops iis net web services azure paas']
Web Services Jobs,['web hibernate multithreading spring design design patterns web services']
Web Services Jobs,['web rest esb mule esb web services']
Web Services Jobs,['web software design design web design web services']
Web Services Jobs,['spring java sql']
Web Services Jobs,['web ebay amazon web services online']
Web Services Jobs,['javascript web rest reactjs c web services angular']
Web Services Jobs,['json xml web soap rest parsing sqlite sdk android android sdk studio web services android studio']
Technical Recruiter Jobs,['it recruiter']
Technical Recruiter Jobs,['hiring it recruiter']
Technical Recruiter Jobs,['it recruiter w2']
Technical Recruiter Jobs,['hiring sourcing']
Technical Recruiter Jobs,['operations it recruiter office operations office']
Technical Recruiter Jobs,['hiring it recruiter it recruitment']
Technical Recruiter Jobs,['technical recruiting recruiting']
Json Jobs,['java json rest sdk android api edge']
Json Jobs,['rest json aws api']
Json Jobs,['json swift ios layout objectivec mobile xcode ios development algorithms']
Json Jobs,['python async']
Json Jobs,['java rest spring boot boot spring api']
Json Jobs,['java json junit rest kotlin sdk android api android sdk']
Json Jobs,['java json api platform api']
Json Jobs,['swift ios cocoa objectivec iphone xcode']
Json Jobs,['java json junit rest spring boot boot spring']
Json Jobs,['ajax json salesforce salesforcecom lighting apex components']
Json Jobs,['java json jenkins rest spring boot boot spring']
Tech Support Jobs,['bpo customer service']
Tech Support Jobs,['ticketing adobe photoshop adobe photoshop']
Tech Support Jobs,['troubleshooting operations it technology']
Tech Support Jobs,['bpo csr customer service']
Tech Support Jobs,['ops operations bpo maintenance']
Tech Support Jobs,['adobe photoshop adobe photoshop']
Tech Support Jobs,['software sales software installation management software maintenance']
SQL Server Jobs,['testing']
SQL Server Jobs,['sql server sql active directory']
SQL Server Jobs,['database database design sql server etl design etl tools troubleshooting server programming sql']
SQL Server Jobs,['sql server net azure sql angular']
SQL Server Jobs,['c sql server net sql ms']
SQL Server Jobs,['aspnet c mvc net angular']
SQL Server Jobs,['web entity framework framework angular c jquery sql server mvc sql api linq web development web api bootstrap']
SQL Server Jobs,['aspnet javascript nodejs c sql server sql']
SQL Server Jobs,['dynamics crm sql server crm dynamics suite sql ms']
SQL Server Jobs,['sql server db sql']
SQL Server Jobs,['sharepoint']
MySQL Jobs,['unix sql mysql database']
MySQL Jobs,['mysql']
MySQL Jobs,['python mysql nodejs']
MySQL Jobs,['lamp php mysql']
MySQL Jobs,['sql database administration mysql database']
MySQL Jobs,['laravel angular nodejs']
MySQL Jobs,['php nodejs expressjs lamp reactjs']
MySQL Jobs,['go nginx varnish search mongodb redis kafka sql mysql']
MySQL Jobs,['python web django api sql web api']
Sales Manager Jobs,['real estate dynamics']
Sales Manager Jobs,['insurance']
Sales Manager Jobs,['ecommerce']
Sales Manager Jobs,['life insurance insurance']
Sales Manager Jobs,['sales management']
Sales Manager Jobs,['bfsi life insurance insurance']
Sales Manager Jobs,['health sales channel general retail general insurance sales management insurance']
Sales Manager Jobs,['higher education study abroad']
Sales Manager Jobs,['it it sales']
Sales Manager Jobs,['retail']
Sales Manager Jobs,['sales direct bdm']
Microservices Jobs,['mean stack microservices']
Microservices Jobs,['microservices']
Microservices Jobs,['kafka microservices golang']
Microservices Jobs,['java microservices kafka']
Microservices Jobs,['microservices drools red hat']
Microservices Jobs,['microservices kotlin dropwizard']
Microservices Jobs,['java reactjs spring boot boot spring microservices']
Css3 Jobs,['mean stack angular css']
Css3 Jobs,['net c']
Css3 Jobs,['html5 javascript php wordpress mysql']
Css3 Jobs,['html5 moodle javascript php linux git magento mysql laravel apache']
Css3 Jobs,['aspnet web angular c api sql web api']
Css3 Jobs,['moodle php laravel']
Css3 Jobs,['javascript html typescript css angular']
Windows Jobs,['mac active directory router windows exchange server router configuration windows support troubleshooting online mac os']
Windows Jobs,['windows 81 xp windows 10 windows administration raid windows server support windows 8 windows server troubleshooting']
Windows Jobs,['windows 81 365 application ccna office 365 dns server windows windows 8 office itil']
Windows Jobs,['router configuration switches mac active directory router windows exchange server windows server windows support troubleshooting online mac os']
Windows Jobs,['antivirus server administration vmware wintel vm windows windows server firmware']
Windows Jobs,['wsus vmware ip cyberark windows administration windows system administration']
Windows Jobs,['iis aws active directory windows']
Windows Jobs,['windows']
Windows Jobs,['enterprise ad microsoft autopilot windows 10 authentication windows architecture enterprise architecture workflow azure']
Windows Jobs,['it windows 81 lotus notes lotus windows 8 notes windows 10 windows mcafee']
Windows Jobs,['windows 81 xp printer support windows xp xp professional windows 10 raid windows system administration windows 8']
Windows Jobs,['mac active directory b2b windows server support exchange server windows server troubleshooting operating systems']
Windows Jobs,['vmware linux scripting iis powershell windows windows server']
Docker Jobs,['kubernetes openshift jenkins docker']
Docker Jobs,['scripting aws docker jenkins']
Docker Jobs,['kubernetes devops docker']
Docker Jobs,['docker reactjs']
Docker Jobs,['java microservices cloud']
Docker Jobs,['kubernetes docker']
Docker Jobs,['java docker jmeter linux']
Docker Jobs,['linux devops scalability virtualization postgresql docker perl']
Docker Jobs,['java docker microservices search']
Docker Jobs,['json xml web rest framework logging spring boot boot maven spring kubernetes api kafka docker web services']
Docker Jobs,['javascript nodejs c nosql c postgresql docker']
Docker Jobs,['ci python docker']
Docker Jobs,['automation ci java selenium cd docker testing']
Docker Jobs,['ci python java selenium cd jmeter docker']
Docker Jobs,['ci orchestration cloud docker kubernetes openshift aws azure']
Docker Jobs,['ansible java it nexus jenkins nginx nosql security git c maven build tools sql']
J2EE Jobs,['java json javascript hibernate spring advanced aws jquery tomcat angular bootstrap']
J2EE Jobs,['java hibernate servlets']
J2EE Jobs,['java agile rest ee oracle spring boot boot oracle agile spring scrum api soap']
J2EE Jobs,['java python aws web']
J2EE Jobs,['spring java framework spring framework']
Desktop Support Jobs,['it service it network administrator']
Desktop Support Jobs,['pc troubleshooting hardware installation software installation']
Desktop Support Jobs,['hardware engineering troubleshooting it software installation desktop administration system administration network engineering']
Desktop Support Jobs,['l1 troubleshooting']
Desktop Support Jobs,['ip active directory']
Desktop Support Jobs,['printer support windows 10 windows troubleshooting tso']
Desktop Support Jobs,['it windows 81 application windows support systems troubleshooting']
Desktop Support Jobs,['hardware engineering troubleshooting it desktop administration system administration maintenance network engineering']
Desktop Support Jobs,['fms']
Desktop Support Jobs,['it service it windows windows support troubleshooting']
Desktop Support Jobs,['outlook it']
Jenkins Jobs,['automation jira selenium jenkins']
Jenkins Jobs,['ansible aws jenkins']
Jenkins Jobs,['aws jenkins cloud']
Jenkins Jobs,['ansible devops jenkins release engineering']
Jenkins Jobs,['ci jenkins web amazon s3 kubernetes devops cd docker aws']
Jenkins Jobs,['scripting aws python jenkins']
Jenkins Jobs,['ansible java jenkins cloud devops net aws azure']
Technical Support Engineer Jobs,['ccna mcsa']
Technical Support Engineer Jobs,['debugging centos scripting cloud openstack virtualization troubleshooting storage']
Technical Support Engineer Jobs,['adobe bpo']
Technical Support Engineer Jobs,['operations bpo it ccna routing server support finance intermediate']
Technical Support Engineer Jobs,['troubleshooting mac active directory windows server support exchange server windows support windows server mac os']
Technical Support Engineer Jobs,['sql rdbms management system database']
Technical Support Engineer Jobs,['it windows 81 xp lotus lotus notes notes windows']
Technical Support Engineer Jobs,['it service it cloud microsoft cloud computing 365 office 365 computing exchange server office']
Reactjs Jobs,['javascript reactjs typescript']
Reactjs Jobs,['reactjs javascript html css']
Reactjs Jobs,['javascript redux nodejs graphql']
Reactjs Jobs,['javascript reactjs html saas css aws']
Reactjs Jobs,['ajax javascript web technologies web rest reactjs graphql css jquery bootstrap']
Reactjs Jobs,['mysql reactjs nodejs angular']
SAP Jobs,['webdynpro hana']
SAP Jobs,['sap hr sap']
SAP Jobs,['hana']
SAP Jobs,['it hana security sap infrastructure it infrastructure sap hana']
SAP Jobs,['sap sap erp']
SAP Jobs,['sap']
SAP Jobs,['sap hana sap fico sap hana']
SAP Jobs,['sap sap ps']
SAP Jobs,['sap sap fi fi sap fico']
SAP Jobs,['sap tm']
SAP Jobs,['sap sap fi sap ps sap fico fi']
SAP Jobs,['it hana sap oracle sap fico sap hr finance sap hana']
SAP Jobs,['sap hr sap sap pp sap fico']
SAP Jobs,['sap hana sap hana']
SAP Jobs,['ux javascript html5 nodejs css sapui5 sap framework html mobility gateway mvc odata jquery']
SAP Jobs,['sap sap crm crm']
SAP Jobs,['sap customer service']
Dns Jobs,['firewalls ata switches routers']
Dns Jobs,['windows explorer servers active directory ccna ccnp exchange server windows troubleshooting']
Dns Jobs,['antivirus ad vmware vmware server infrastructure hyperv windows exchange server architecture sql']
Dns Jobs,['troubleshooting it active directory']
Dns Jobs,['scanners']
Dns Jobs,['active directory dns server server support']
Dns Jobs,['server monitoring cisco']
Dns Jobs,['group policy ad adfs active directory']
Dns Jobs,['antivirus software installation technical process 365 network systems remote desktop office 365 windows exchange server system administration troubleshooting office operating systems']
Dns Jobs,['load security network administrator firewall network security technology']
Dns Jobs,['server administration windows support servers windows']
Dns Jobs,['python flask api']
Dns Jobs,['ip addressing osi model ip system administration network installation']
Dns Jobs,['remote access access group policy active directory ccna routing server support exchange server']
Dns Jobs,['power user windows administration windows troubleshooting network installation']
Coding Jobs,['me application technology']
Coding Jobs,['java python javascript php ruby c c sql']
Coding Jobs,['biology biochemistry dietetics nutrition zoology medical medical coding microbiology bioinformatics botany life science biotechnology']
Coding Jobs,['java python javascript web application training mobile web development game development teaching']
Coding Jobs,['biochemistry dietetics coders engineers biotechnology medical coding healthcare bioinformatics microbiology medical']
Coding Jobs,['bpt medical coding medical']
Coding Jobs,['biology biochemistry dietetics nutrition coders engineers biotechnology medical coding healthcare bioinformatics microbiology medical']
Coding Jobs,['medical medical coding healthcare coders']
Coding Jobs,['etl sql plsql']
Coding Jobs,['biology biochemistry dietetics nutrition coders engineers medical medical coding healthcare bioinformatics microbiology biotechnology']
Coding Jobs,['java c']
Coding Jobs,['google javascript analytics google analytics']
Kubernetes Jobs,['automation kubernetes qa']
Kubernetes Jobs,['automation agile policy management security security management mesh kubernetes devops']
Kubernetes Jobs,['python jenkins cloud s3 stash jira ruby git kubernetes bash ec2 aws perl']
Kubernetes Jobs,['kubernetes devops azure']
Kubernetes Jobs,['agile cloud kubernetes devops docker aws qa']
Kubernetes Jobs,['net core framework net framework c kubernetes redis net kafka docker azure']
Kubernetes Jobs,['kubernetes devops microservices net']
Kubernetes Jobs,['linux windows azure scripting active directory vm kubernetes windows azure']
Kubernetes Jobs,['ci python kubernetes powershell bash cd']
Kubernetes Jobs,['ansible ci agile cloud kubernetes devops cd docker aws']
Selenium Jobs,['selenium java appium c']
Selenium Jobs,['java selenium appium c cucumber']
Selenium Jobs,['automation ruby appium cucumber']
Selenium Jobs,['automation selenium oracle c api api testing net sql testing']
Selenium Jobs,['test automation case automation java qa automation selenium scripting jira scrum test scenarios sql qa github']
Selenium Jobs,['automation software testing testing']
Selenium Jobs,['automation java qa automation selenium guidewire qa']
Selenium Jobs,['automation java eggplant selenium testing']
Selenium Jobs,['selenium api api testing testing cucumber']
Automation Jobs,['automation app']
Automation Jobs,['automation market analysis dashboard business analysis']
Automation Jobs,['automation scada hmi programming plc programming manufacturing manufacturing engineering']
Automation Jobs,['automation test automation api']
Automation Jobs,['automation ajax javascript xml scripting html css jquery']
Automation Jobs,['robot framework framework robot jmeter']
Automation Jobs,['network administration ccna active directory system configuration']
Automation Jobs,['automation qa automation qa insurance']
Software Developer Jobs,['javascript php net css sql']
Software Developer Jobs,['net aspnet c']
Software Developer Jobs,['java javascript php html css mysql']
Software Developer Jobs,['java python api development api']
Software Developer Jobs,['mobile applications mobile']
Software Developer Jobs,['net core java ios c android net']
Software Developer Jobs,['java soap rest hibernate spring boot boot spring sql api development api struts']
Software Developer Jobs,['aspnet encryption sql server design mobile crm sql api app']
Software Developer Jobs,['aspnet boot strap net bootstrap']
Software Developer Jobs,['ajax aspnet javascript html c net jquery angular']
Software Developer Jobs,['ajax java python javascript web swift php nodejs joomla html ruby lamp reactjs android mysql']
MongoDB Jobs,['java nosql cassandra cloud postgresql mongodb aws mysql']
MongoDB Jobs,['web web applications ionic framework mean stack application expressjs game development mobile mongodb ionic framework angular']
MongoDB Jobs,['nodejs reactjs html mongodb css sql']
MongoDB Jobs,['java nosql test cases cassandra mongodb sql mysql qa']
MongoDB Jobs,['nodejs mongodb redis aws couchbase']
MongoDB Jobs,['mongodb nodejs']
MongoDB Jobs,['mongodb nosql redis']
MongoDB Jobs,['javascript nodejs expressjs html reactjs mongodb css aws']
MongoDB Jobs,['angular mongodb']
MongoDB Jobs,['java nodejs mean stack reactjs angularjs mongodb']
MongoDB Jobs,['mean stack web mongodb angular']
MongoDB Jobs,['cluster design design patterns mongodb streams']
MongoDB Jobs,['php nodejs reactjs angularjs mongodb aws']
MongoDB Jobs,['nodejs expressjs reactjs mongodb angular']
Web Technologies Jobs,['web technologies web video editing photoshop video journalism editing']
Web Technologies Jobs,['web technologies web career development api shopify']
Web Technologies Jobs,['web technologies web video editing photoshop video social media digital media digital editing']
Web Technologies Jobs,['javascript web technologies web responsive design lamp magento design mysql']
Web Technologies Jobs,['data science r']
Web Technologies Jobs,['web technologies ad web digital sales management']
Web Technologies Jobs,['web technologies web seo articles social media editing']
Web Technologies Jobs,['web technologies web']
Web Technologies Jobs,['web technologies web nodejs wordpress angularjs web hosting web development']
Web Technologies Jobs,['case visio business case web technologies web photoshop business analysis suite office ms']
Web Technologies Jobs,['salesforce web cash boomi web technologies application sql quote web services']
Web Technologies Jobs,['java spring mvc web web technologies core java servers application spring design mvc design patterns application servers']
Web Technologies Jobs,['automation case manual testing web technologies web qa automation security testing selenium security test scripts test execution performance testing testing qa']
Web Technologies Jobs,['adobe web technologies web fmcg acrobat technical writing graphics procurement adobe acrobat research']
Web Technologies Jobs,['ms sql proficy']
Web Technologies Jobs,['javascript reactjs angularjs postgresql typescript mongodb']
Web Technologies Jobs,['web technologies web media marketing marketing strategy digital digital media customer retention strategy']
Web Technologies Jobs,['java web technologies web open source algorithms mysql']
Web Technologies Jobs,['web technologies web cloud ios application mobile android azure']
Information Technology Jobs,['web c database oracle database html oracle sql server dreamweaver sql net web development']
Information Technology Jobs,['hiring it recruiter it recruitment information technology technology']
Information Technology Jobs,['aspnet javascript web adonet soap ecommerce rest c jquery sql server n sql net architecture web services']
Information Technology Jobs,['operations employee engagement hr operations']
Information Technology Jobs,['net workflow sharepoint web']
Information Technology Jobs,['artificial intelligence deep learning intelligence machine learning']
Information Technology Jobs,['electronics information technology computer science office sql ms technology']
Information Technology Jobs,['it cloud cloud computing information technology computing computer science technology']
Information Technology Jobs,['it software installation information technology troubleshooting technology']
Information Technology Jobs,['javascript php c html c design information technology mysql technology']
Information Technology Jobs,['finance onboarding']
Information Technology Jobs,['nodejs express mean stack npm meteor vuejs']
Information Technology Jobs,['it electronics cse network administration information technology computer science system administration technology']
Information Technology Jobs,['technology']
Information Technology Jobs,['lte mimo']
Information Technology Jobs,['information technology testing qa technology']
Spark Jobs,['spark java sql']
Spark Jobs,['scala spark']
Spark Jobs,['spark python']
Spark Jobs,['scala kafka spark']
Spark Jobs,['scala spark hadoop hive']
Spark Jobs,['java cassandra spring boot boot spring microservices spark']
Spark Jobs,['scala spark hadoop sql']
Spark Jobs,['big data apache scala spark kafka apache kafka oozie']
Spark Jobs,['big data scala hadoop spark hive']
Spark Jobs,['spark java hadoop mongodb']
Spark Jobs,['spark unix hadoop']
Spark Jobs,['spark kafka hadoop']
Spark Jobs,['spark python sql']
Database Jobs,['base database']
Database Jobs,['database']
Database Jobs,['logical approach operating systems interpersonal skills']
Database Jobs,['mining data mining database']
Database Jobs,['database oracle database oracle research mining sql data mining']
Database Jobs,['database administration database database design design sql azure sql azure']
JIRA Jobs,['jira confluence']
JIRA Jobs,['sql server jira sql']
JIRA Jobs,['zephyr jira testing']
JIRA Jobs,['jira aspnet mvc c']
JIRA Jobs,['finance jira sql workday']
JIRA Jobs,['autosar']
JIRA Jobs,['java plsql jira html sql server etl api sql']
JIRA Jobs,['jira salesforce']
JIRA Jobs,['selenium testing selenium testing']
JIRA Jobs,['selenium jira mantis bugzilla']
JIRA Jobs,['selenium software testing ranorex testing qa']
JIRA Jobs,['finance workday']
Software Development Jobs,['ci python s3 data science framework devops cd glue aws']
Software Development Jobs,['ci python data science framework devops cd aws']
Software Development Jobs,['automation java selenium']
Software Development Jobs,['apple javascript web html pay gateway api development api google css web services']
Software Development Jobs,['automation html5 software testing css testing']
Software Development Jobs,['c ios application kotlin ios development']
Software Development Jobs,['partner management']
Software Development Jobs,['java python c unsupervised learning deep learning algorithms machine learning']
Software Development Jobs,['ajax web entity framework framework reactjs sql server sql api development api jquery web api']
Software Development Jobs,['it software sales sap negotiation it sales']
Software Development Jobs,['algorithm design javascript python go linux django git design mongodb']
Software Development Jobs,['python javascript go database git design computer science sql mysql']
Software Development Jobs,['design software engineers cad engineers']
Software Development Jobs,['aspnet microsoft microsoft azure angular c net azure']
Software Development Jobs,['hardware development']
Software Development Jobs,['java python nodejs rest oracle spring boot boot oauth db spring api algorithms aws system software']
Tally Jobs,['tally erp']
Tally Jobs,['accounts receivable accounts payable']
Tally Jobs,['e commerce cash general balance sheet balance accounts payable bank reconciliation commerce reporting online']
Tally Jobs,['tax']
Tally Jobs,['finance']
Tally Jobs,['excel']
Tally Jobs,['stock management expense management salary attendance management']
Tally Jobs,['negotiation procurement']
Tally Jobs,['auditing finance general']
Tally Jobs,['finance freshbooks api']
Tally Jobs,['general balance sheet balance accountants bank reconciliation general ledger ledger journal entries']
Tally Jobs,['tally erp tax typing search finance office']
Tally Jobs,['tax income tax']
Tally Jobs,['tax tally erp roc']
Bootstrap Jobs,['software installation wireless networking mac switching ccna firewall routing ccnp wireless system administration mac os']
Bootstrap Jobs,['documentation active directory windows windows server itil troubleshooting user documentation operating systems']
Bootstrap Jobs,['magento']
Bootstrap Jobs,['ios html android css angular bootstrap']
Bootstrap Jobs,['windows explorer pc windows troubleshooting wlan software troubleshooting']
Front End Jobs,['java python sql cloud']
Front End Jobs,['adobe photoshop markup languages design suite']
Front End Jobs,['wordpress']
Front End Jobs,['javascript yarn npm bone']
Front End Jobs,['vuejs reactjs angular']
Front End Jobs,['vuejs']
Front End Jobs,['javascript reactjs html css vuejs']
Front End Jobs,['reactjs redux']
Front End Jobs,['html5 javascript ruby reactjs frontend design design']
Soap Jobs,['aspnet soap rest c net sql']
Soap Jobs,['java ibm']
Soap Jobs,['java soap groovy c sql']
Soap Jobs,['salesforce lightning rest api soap']
Soap Jobs,['html5 nodejs rest git typescript api soap']
Soap Jobs,['automation testing']
Soap Jobs,['java data modeling rest modeling soap']
Soap Jobs,['java eclipse soap spring boot boot spring struts angular']
Soap Jobs,['enterprise json ionic soap angular']
Soap Jobs,['java agile soap wpf']
Soap Jobs,['java javascript eclipse core java servlets soap']
Soap Jobs,['java rest testng maven soap']
Unix Jobs,['unix shell scripting c scripting multithreading sql perl']
Unix Jobs,['unix snowflake database data warehousing unix administration db navigation storage snow azure']
Unix Jobs,['java unix angularjs oracle']
Unix Jobs,['unix python autosys linux bmc remedy windows sql perl']
Unix Jobs,['unix etl windows hub operating systems']
Unix Jobs,['unix php database scripting database testing testing']
Unix Jobs,['java unix sql etl']
Unix Jobs,['unix solaris satellite']
Unix Jobs,['ansible playbook']
Unix Jobs,['unix python sql sas']
Unix Jobs,['unix shell scripting plsql scripting oracle sql']
Unix Jobs,['unix devops']
Machine Learning Jobs,['ml algorithms']
Machine Learning Jobs,['python c ml network administrator r keras']
Machine Learning Jobs,['classification opencv segmentation resnet neural networks computer vision object tracking object detection net']
Machine Learning Jobs,['technical documentation asset management documentation product design design machine learning']
Machine Learning Jobs,['live machine learning']
Machine Learning Jobs,['java machine learning']
Machine Learning Jobs,['mining data mining machine learning']
Machine Learning Jobs,['java python machine learning deep learning']
Machine Learning Jobs,['data science live']
Machine Learning Jobs,['python machine learning']
Machine Learning Jobs,['big data python language processing processing natural language hadoop machine learning']
Machine Learning Jobs,['image processing medical imaging python opencv processing computer vision face recognition machine learning medical']
Machine Learning Jobs,['big data machine learning deep learning']
Machine Learning Jobs,['python data science data analytics kafka spark analytics aws azure machine learning']
Program Jobs,['health cloud career development design healthcare azure']
Program Jobs,['design sharepoint']
Program Jobs,['freelancer online']
Program Jobs,['program management r product management d']
Program Jobs,['program management amazon cloud']
Program Jobs,['service delivery']
Program Jobs,['debugging software design application design testing']
Program Jobs,['commercialization']
Program Jobs,['software design design']
Program Jobs,['debugging software design design testing']
Program Jobs,['debugging documentation software design design specifications user documentation testing']
Angularjs Jobs,['angularjs']
Angularjs Jobs,['net angularjs reactjs azure']
Angularjs Jobs,['java angularjs aws azure']
Angularjs Jobs,['aspnet angularjs angular c']
Angularjs Jobs,['ajax javascript nodejs coding standards framework git angularjs workflow']
Angularjs Jobs,['java angularjs']
Angularjs Jobs,['angularjs angular']
Sales Executive Jobs,['processing loan']
Sales Executive Jobs,['it digital marketing email it sales lead generation international sales digital cold calling']
Sales Executive Jobs,['it assessment negotiation it sales research needs assessment']
Sales Executive Jobs,['cash vault cash handling petty cash']
Sales Executive Jobs,['retail sales promotion']
Sales Executive Jobs,['cold calling']
Sales Executive Jobs,['development management bdm']
Sales Executive Jobs,['demat hni']
Sales Executive Jobs,['estate sales digital marketing internet b2b real estate lead generation digital']
SEO Jobs,['digital marketing digital']
SEO Jobs,['adwords google adwords linkedin marketing seo facebook linkedin youtube email marketing email google']
SEO Jobs,['online seo internet sem search google analytics optimization google analytics brand awareness']
SEO Jobs,['seo media marketing digital marketing sem search social media optimization digital online']
SEO Jobs,['adwords google adwords web ppc media marketing digital marketing internet search google analytics email marketing social media optimization email google analytics digital online']
SEO Jobs,['adwords google adwords web seo media marketing internet search pay social media optimization google']
SEO Jobs,['signal digital video video processing digital marketing internet sem design viral marketing digital online signal processing']
SEO Jobs,['optimization internet seo search']
SEO Jobs,['seo digital marketing internet sem digital online']
SEO Jobs,['seo']
SEO Jobs,['adwords seo media marketing ppc digital marketing internet sem search pay social media optimization digital online']
SEO Jobs,['digital marketing sem lead generation acquisition marketing digital online branding']
SEO Jobs,['seo digital marketing internet sem search optimization digital online']
SEO Jobs,['digital marketing internet optimization digital online']
SEO Jobs,['seo digital marketing sem pay digital ppc']
SEO Jobs,['blogs article writing journalism digital articles']
SEO Jobs,['seo entertainment digital marketing social media digital online']
SEO Jobs,['adwords google adwords seo google sem semrush google analytics webmaster tools email marketing social media optimization email content marketing analytics']
SEO Jobs,['seo internet sem search optimization online']
SEO Jobs,['optimization seo search']
DHCP Jobs,['domain controller group policy active directory windows system administration server support windows support exchange server windows server']
DHCP Jobs,['cloud mcsa office 365 server support exchange server office sharepoint powershell microsoft exchange microsoft cloud computing active directory virtualization hyperv ms vmware 365 eps computing windows microsoft office']
DHCP Jobs,['mac active directory b2b windows windows server exchange server troubleshooting operating systems']
Scrum Jobs,['scrum']
Scrum Jobs,['pmp scrum']
Scrum Jobs,['java agile scrum']
Scrum Jobs,['agile program management jira data warehousing presentation skills scrum']
Scrum Jobs,['bpm odm scrum']
Scrum Jobs,['scrum japanese']
Scrum Jobs,['ux scrum qa']
Scrum Jobs,['agile scrum story boarding persona']
Scrum Jobs,['kanban agile scrum']
Scrum Jobs,['project delivery project planning agile scrum']
Scrum Jobs,['electronics']
Hadoop Jobs,['mapreduce sqoop flume hadoop hive aws azure']
Hadoop Jobs,['kafka hadoop cloud']
Hadoop Jobs,['big data sas mathematics data analytics economics hadoop sql analytics spss r statistics']
Hadoop Jobs,['hbase hadoop sql hive azure']
Hadoop Jobs,['big data hadoop']
Hadoop Jobs,['cluster tuning hbase hadoop performance tuning']
Hadoop Jobs,['kafka hadoop aws']
Hadoop Jobs,['spark hadoop hive']
Hadoop Jobs,['big data python snowflake scala spark hadoop kafka azure aws hive']
Hadoop Jobs,['hadoop cloudera']
Hadoop Jobs,['modeling big data predictive analytics analytics']
Hadoop Jobs,['python cloud etl hadoop aws']
REST Jobs,['java rest spring boot boot spring aws']
REST Jobs,['java nodejs jade']
REST Jobs,['automation java written communication eggplant selenium rest presentation skills api soap']
REST Jobs,['automation testng api api testing testing cucumber']
Debugging Jobs,['architectural design design sql architecture']
Debugging Jobs,['coreldraw adobe javascript photoshop adobe photoshop adobe illustrator css jquery bootstrap']
Debugging Jobs,['vxworks c c embedded firmware embedded c']
Debugging Jobs,['debugging python openstack kubernetes diameter voip']
Debugging Jobs,['java debugging nodejs rest career development spring mongodb']
Debugging Jobs,['reactjs javascript angular nodejs']
Debugging Jobs,['ios android api api testing xcode adb testing']
Debugging Jobs,['ajax debugging ux agile html5 jira framework git scrum jquery bootstrap']
JQuery Jobs,['javascript html angular css jquery vuejs']
Performance Tuning Jobs,['java xml agile web linux nosql soap charging vmware rest tuning openstack telecom web services performance tuning']
Performance Tuning Jobs,['query optimization tuning optimization performance tuning']
Performance Tuning Jobs,['unix database administration oracle rac database tuning solaris oracle performance tuning']
Performance Tuning Jobs,['guidewire gosu insurance']
Performance Tuning Jobs,['html5 design android']
Performance Tuning Jobs,['it middleware tuning windows windows server testing performance tuning']
Performance Tuning Jobs,['tuning oracle sql server sql performance tuning']
Performance Tuning Jobs,['web tuning metrics troubleshooting performance tuning']
Performance Tuning Jobs,['cloud rman tuning oracle exadata performance tuning']
Performance Tuning Jobs,['postgresql']
Performance Tuning Jobs,['sap tuning sap is architecture performance tuning']
Performance Tuning Jobs,['cassandra']
Performance Tuning Jobs,['python data engineering devops spark sql aws']
Performance Tuning Jobs,['tuning sql server sql ms performance tuning']
Performance Tuning Jobs,['python cloud scripting tuning etl sql aws performance tuning']
Performance Tuning Jobs,['windows server admin windows server']
Angular Js Jobs,['net sql angular']
Angular Js Jobs,['web reactjs angularjs web development angular']
Angular Js Jobs,['ajax aspnet nodejs c sql server mvc net aspnet mvc sql angular']
Angular Js Jobs,['javascript angular']
Angular Js Jobs,['angularjs reactjs typescript angular']
Team Leader Jobs,['sme domestic sales']
Team Leader Jobs,['credit bpo insurance']
Team Leader Jobs,['operations metrics people management process management product management']
Team Leader Jobs,['tea paint']
Team Leader Jobs,['b2c loan attrition b2b people management insurance']
Team Leader Jobs,['team management people management']
Team Leader Jobs,['bpo people management']
Team Leader Jobs,['us healthcare healthcare']
Team Leader Jobs,['medical billing us healthcare healthcare medical']
Team Leader Jobs,['bpo loan attrition cards bdm mutual funds insurance']
Team Leader Jobs,['b2c b2b cal sme team management']
Team Leader Jobs,['passport ticketing airlines']
Project Manager Jobs,['it infrastructure idm']
Project Manager Jobs,['digital']
Project Manager Jobs,['refrigeration site supervision cold chain commissioning hvac']
Project Manager Jobs,['it risk project planning']
Project Manager Jobs,['3d construction construction management survey d technology']
Project Manager Jobs,['sas project planning']
Project Manager Jobs,['pmp agile pmi scrum']
Project Manager Jobs,['payroll']
Project Manager Jobs,['documentation risk scheduling project planning tender']
Project Manager Jobs,['manufacturing']
Project Manager Jobs,['metal fabrication sheet metal welding metal']
Quality Assurance Jobs,['qa']
Quality Assurance Jobs,['automation selenium sql test cases']
Quality Assurance Jobs,['research market research contact discovery']
Quality Assurance Jobs,['food processing quality improvement food microbiology food technology processing green belt food safety six sigma microbiology technology']
Quality Assurance Jobs,['automation java python manual testing linux scripting api api testing mysql testing']
Quality Assurance Jobs,['automation python testing']
Quality Assurance Jobs,['product quality documentation']
Quality Assurance Jobs,['case agile scripting scrum sql qa']
Quality Assurance Jobs,['design instrumentation']
Excel Jobs,['office ppc']
Excel Jobs,['bpo office administration typing excel finance office ms']
Excel Jobs,['application technology commerce']
Excel Jobs,['bpo typing internet form filling form office word online']
Excel Jobs,['reporting preparation']
Nosql Jobs,['javascript nosql cloud sql aws angular']
Nosql Jobs,['java python nosql rdbms algorithms perl']
Nosql Jobs,['cassandra mongodb elasticsearch nosql']
Nosql Jobs,['nosql database graphql redux sql']
Nosql Jobs,['java nosql openstack hbase scalability aws azure']
Nosql Jobs,['python django nosql flask postgresql mongodb']
Nosql Jobs,['java nosql spring distributed systems mongodb kafka']
Nosql Jobs,['android java c']
Android Jobs,['java json javascript web xml kotlin web services']
Android Jobs,['android development android']
Android Jobs,['framework application sdk android android sdk studio android development android studio']
Android Jobs,['java kotlin sdk design android android sdk studio design patterns android studio']
Android Jobs,['application android']
Android Jobs,['application sdk mobile android android sdk studio android development android studio']
Android Jobs,['json javascript xml html kotlin maven sdk design android design patterns android sdk css android development']
Android Jobs,['kotlin sdk android sdk android studio android studio']
Android Jobs,['java c application software architecture architecture']
Android Jobs,['java application android development android']
Android Jobs,['android sdk android sdk']
Android Jobs,['json o cloud html map framework optimization android development performance tuning xml javascript android storage analytics testing java rest tuning cloud storage sdk android sdk google lite sql']
Android Jobs,['java ios android ios development android development']
Android Jobs,['javascript ios mobile android xcode gradle']
Application Development Jobs,['automation javascript nodejs express accessibility git application principles design testing design principles']
Application Development Jobs,['ios application android']
Application Development Jobs,['html5 javascript typescript angular bootstrap']
Application Development Jobs,['continuous integration ionic git tuning principles design sdk android android sdk storage performance tuning design principles']
Application Development Jobs,['ajax javascript php web c application maintenance css mysql']
Application Development Jobs,['java json redux swift ios git objectivec sdk mobile android developers android sdk']
Application Development Jobs,['java application sass angular']
Application Development Jobs,['java kotlin sqlite sdk android android sdk']
Application Development Jobs,['php']
Node.js Jobs,['spring java nodejs']
Node.js Jobs,['nodejs']
Node.js Jobs,['mysql php nodejs web']
Node.js Jobs,['java agile nodejs jade server side mysql']
Node.js Jobs,['ajax javascript php nodejs html codeigniter angularjs soap mysql angular']
Node.js Jobs,['css html api']
Node.js Jobs,['javascript nodejs']
Node.js Jobs,['java architecture nodejs']
Reactjs Jobs,['ios']
Reactjs Jobs,['javascript nodejs git html reactjs aws']
Reactjs Jobs,['visio uml frd axure brd ms']
Sdlc Jobs,['cobol vsam cics mainframe']
Sdlc Jobs,['java solution delivery azure cloud']
Sdlc Jobs,['agile']
Sdlc Jobs,['technical documentation documentation writer']
Sdlc Jobs,['it database sql clr database design design design patterns clr sql']
Sdlc Jobs,['software testing software sales testing']
Sdlc Jobs,['ajax java javascript framework hibernate spring spring framework']
Erp Jobs,['inventory control store']
Erp Jobs,['adwords google adwords facebook instagram digital marketing internet google analytics social media twitter google viral marketing analytics digital online bootstrap']
Erp Jobs,['enterprise ramco cloud microsoft dynamics microsoft dynamics']
Erp Jobs,['supply fusion general cloud oracle accounts receivable general ledger procurement ledger finance supply chain']
Erp Jobs,['crm oracle']
Erp Jobs,['formulas fusion cloud']
Erp Jobs,['automation supply java framework supply chain dynamics dynamics ax testing ms']
Erp Jobs,['it software sales it sales']
Erp Jobs,['tally erp sap stpi']
Erp Jobs,['procurement']
Erp Jobs,['process manufacturing oracle manufacturing english excel']
Erp Jobs,['general tally erp accounts payable accounts receivable general ledger ledger']
Kafka Jobs,['connect snowflake kafka apache kafka apache']
Kafka Jobs,['metrics security kafka kerberos']
Kafka Jobs,['jscript java sql kafka']
Kafka Jobs,['kafka']
Kafka Jobs,['agile sqoop hbase scala spark etl kafka sql hive']
Kafka Jobs,['mapreduce python java sqoop cloud flume scala spark hadoop kafka tomcat aws hive']
Automation Testing Jobs,['automation java python testing']
Automation Testing Jobs,['automation testing automotive']
Automation Testing Jobs,['automation java testing telecom']
Automation Testing Jobs,['web digital marketing internet search optimization digital online']
Search Engine Optimization Jobs,['web seo digital marketing freelancer internet search optimization digital online']
Search Engine Optimization Jobs,['seo ppc digital marketing internet sem campaign management search optimization digital online']
Search Engine Optimization Jobs,['seo internet search optimization online']
Search Engine Optimization Jobs,['web digital marketing internet digital online']
Search Engine Optimization Jobs,['web online advertising digital marketing internet search optimization digital online']
Search Engine Optimization Jobs,['web seo digital marketing internet sem search optimization online marketplace digital online']
Search Engine Optimization Jobs,['digital marketing internet search optimization digital online']
Search Engine Optimization Jobs,['web seo media marketing digital marketing internet search social media optimization digital online']
Search Engine Optimization Jobs,['media marketing digital marketing search social media optimization digital online']
Maven Jobs,['agile ios c design agile environment unit testing ios development testing']
Maven Jobs,['payroll sap hris']
Maven Jobs,['java jenkins maven microservices gradle couchbase']
Maven Jobs,['automation java jenkins maven testing']
Maven Jobs,['java python agile junit selenium testing core java selenium c maven testing']
Maven Jobs,['ci jenkins git maven devops vsts cd hudson azure']
Maven Jobs,['java junit jira maven boot spring boot spring kafka']
Maven Jobs,['java python selenium etl testing etl devops testing']
Maven Jobs,['fuse red hat']
Maven Jobs,['java python big data scala spark sql aws']
Big Data Jobs,['big data']
Big Data Jobs,['java python hadoop mongodb spark sql hive']
Big Data Jobs,['big data java sqoop core java hbase mahout hadoop spark struts hive']
Big Data Jobs,['java javascript cloud data warehousing cloud services marklogic']
Big Data Jobs,['python django wordpress ios mean stack devops android']
Big Data Jobs,['project planning']
Big Data Jobs,['unix scala hadoop spark sql']
Big Data Jobs,['spring java hibernate big data']
Big Data Jobs,['etl python']
Big Data Jobs,['configuration management servicenow cmdb maintenance']
Configuration Jobs,['ios mobile android']
Configuration Jobs,['network performance analyzer syslog netflow virtualization solarwinds network configuration']
Configuration Jobs,['software solutions design system development flow']
Configuration Jobs,['servicenow javascript management system']
Configuration Jobs,['servicenow']
Configuration Jobs,['salesforce']
Configuration Jobs,['salesforce web']
Configuration Jobs,['operations segmentation marketing operations']
Configuration Jobs,['troubleshooting maintenance']
Configuration Jobs,['troubleshooting bpo operating systems']
Configuration Jobs,['ip addressing operating systems application vlan ip hardware installation windows troubleshooting wlan bootstrap']
Configuration Jobs,['device drivers active directory print windows troubleshooting wlan bootstrap']
Configuration Jobs,['sap windows oracle']
Configuration Jobs,['kubernetes devops python docker']
Perl Jobs,['automation python aws perl']
Perl Jobs,['python lamp perl']
Perl Jobs,['automation middleware python web appdynamics yaml load scripting web caching active directory internet bigip ldap web analytics f5 bigip analytics aws perl']
Perl Jobs,['jenkins git kubernetes devops docker azure']
Perl Jobs,['cgi unix ci agile git cd openshift perl']
Perl Jobs,['scripting sql linux perl']
Perl Jobs,['java python etl aws perl']
Perl Jobs,['python bash db perl']
Perl Jobs,['storage security python perl']
Perl Jobs,['scripting java multithreading']
Perl Jobs,['unix python plsql itil perl']
Perl Jobs,['layout cmos circuit layout design design circuit design']
Perl Jobs,['it infrastructure software systems it infrastructure information technology technology']
Perl Jobs,['manufacturing executive production']
Production Engineer Jobs,['production planning']
Production Engineer Jobs,['welding inspection quotations office welding ms']
Production Engineer Jobs,['documentation design cnc cnc programming autocad mechanical iso autocad plastics']
Production Engineer Jobs,['production planning rework']
Production Engineer Jobs,['customer quality documentation qa cnc iso ppc autocad']
Production Engineer Jobs,['executive production']
Production Engineer Jobs,['design manufacturing cad executive production autocad']
Production Engineer Jobs,['checks testing scheduling training']
Production Engineer Jobs,['ppc']
Production Engineer Jobs,['manufacturing hvac']
Production Engineer Jobs,['frp']
Production Engineer Jobs,['extrusion production planning manufacturing maintenance']
Qa Jobs,['agile web tdm data warehouse architecture web services testing qa']
Qa Jobs,['ndt qaqc']
Qa Jobs,['case manual testing java web technologies web software testing testing qa']
Qa Jobs,['manual testing bug tracking test cases smoke software testing smoke testing reporting testing qa regression testing']
Qa Jobs,['data analysis auditing rework accessories iso qa testing']
Qa Jobs,['automation qa automation wire qa']
Qa Jobs,['automation qa automation wire qa insurance']
Qa Jobs,['vmware vcenter server infrastructure vmware vsphere vsphere vmware infrastructure']
Vmware Jobs,['vmware database oracle virtualisation vmware vsphere vsphere postgresql nutanix sql']
Vmware Jobs,['vmware']
Vmware Jobs,['wise packaging packaging application application packaging studio']
Vmware Jobs,['workspace cloud active directory one servicenow basic airwatch']
Vmware Jobs,['vmware pod vsphere horizon architecture app']
Vmware Jobs,['vmware virtualization edr huawei itil']
Vmware Jobs,['workspace microsoft security 365 one citrix google']
Vmware Jobs,['vmware servers cluster active directory ftp powershell iis print windows print servers adfs ms']
Vmware Jobs,['server administration wintel bios windows windows server firmware']
Vmware Jobs,['vmware linux active directory windows windows server system administration']
Ms Office Jobs,['operations office front office office operations']
Ms Office Jobs,['office ms focus']
Ms Office Jobs,['office ms']
Ms Office Jobs,['excel ms']
Ms Office Jobs,['excel advanced']
Ms Office Jobs,['excel office word ms']
Ms Office Jobs,['writer']
Ms Office Jobs,['application commerce']
Ms Office Jobs,['excel finance tally erp tax']
Ms Office Jobs,['tally erp tax search excel word']
Ms Office Jobs,['immigration']
Ms Office Jobs,['python django reactjs kanban scrum docker mysql']
Nodejs Jobs,['docker mongodb nodejs api']
Nodejs Jobs,['php nodejs']
Nodejs Jobs,['python php nodejs']
Nodejs Jobs,['html5 javascript git nodejs']
Nodejs Jobs,['javascript html nodejs css']
Nodejs Jobs,['java reactjs nodejs angular']
Nodejs Jobs,['nodejs database database design design api development mongodb api']
Nodejs Jobs,['java hibernate spring boot boot spring devops aws']
Unit Testing Jobs,['unit testing testing']
Unit Testing Jobs,['sass angular devops unit testing testing azure']
Unit Testing Jobs,['java spring integration spring mvc spring boot boot telematics spring mvc microservices unit testing testing']
Unit Testing Jobs,['c multithreading unit testing testing wpf']
Unit Testing Jobs,['spring java spring boot boot']
Unit Testing Jobs,['aspnet c mvc unit testing testing']
Unit Testing Jobs,['python agile c unit testing testing']
Unit Testing Jobs,['c multithreading visual studio studio net unit testing testing']
Unit Testing Jobs,['automation aspnet agile angular c mvc unit testing aspnet mvc testing azure']
Unit Testing Jobs,['c multithreading visual studio studio unit testing testing wpf']
Unit Testing Jobs,['java hybris']
Unit Testing Jobs,['mock cloud cloud computing c design computing reviews unit testing sql testing azure']
Unit Testing Jobs,['c linux com multithreading visual studio windows studio unit testing testing']
Unit Testing Jobs,['ajax aspnet json web javascript xml html c ms sql api css jquery web api']
Unit Testing Jobs,['case manual testing functional testing software testing sit unit testing testing']
Unit Testing Jobs,['unit testing go testing']
Scala Jobs,['java junit hibernate golang scala aws']
Scala Jobs,['java nodejs groovy nosql scala postgresql clojure spark erlang']
Scala Jobs,['scala spark azure']
Scala Jobs,['glue python']
Scala Jobs,['sas python scala data analytics analytics spark r']
Scala Jobs,['automation numpy python pandas scripting scala frame spark testing']
Scala Jobs,['scala spark hadoop yarn']
Scala Jobs,['java sbt akka sonarqube git maven scala devops streams gradle azure']
Scala Jobs,['scala python aws']
Scala Jobs,['plsql sql server etl etl tools sql']
Etl Jobs,['etl sql talend']
Etl Jobs,['etl']
Etl Jobs,['aws snow s3']
Etl Jobs,['java oracle sql server etl db sql talend']
Etl Jobs,['python intelligence tableau data science data warehousing application etl business intelligence']
Etl Jobs,['data modeling obiee modeling sql talend']
Etl Jobs,['automation powerapps architecting database data warehousing lake etl analysis services storage sql azure paas']
Etl Jobs,['etl data integration hub']
Etl Jobs,['etl datastage']
Etl Jobs,['data warehousing git aws talend github']
Etl Jobs,['automation agile testing manual testing']
Manual Testing Jobs,['case manual testing functional testing selenium testing']
Manual Testing Jobs,['manual testing software testing testing']
Manual Testing Jobs,['manual testing ios mobile android app testing']
Manual Testing Jobs,['manual testing bfsi testing qa']
Manual Testing Jobs,['api']
Manual Testing Jobs,['case automation manual testing electronics software testing testing']
Manual Testing Jobs,['manual testing testing api api testing']
Manual Testing Jobs,['manual testing mobile testing software testing mobile api api testing testing']
Manual Testing Jobs,['manual testing selenium rest scrum api testing qa']
Manual Testing Jobs,['automation finance testing manual testing']
Manual Testing Jobs,['automation it service it manual testing infrastructure cmdb it infrastructure software testing servicenow itil testing qa']
Manual Testing Jobs,['automation manual testing electronics broadcasting testing']
Manual Testing Jobs,['automation manual testing functional testing software testing testing']
Manual Testing Jobs,['automation api api testing testing qa']
Manual Testing Jobs,['operations online operations online']
Operations Executive Jobs,['operations payroll management sap hr operations payroll sap hr']
Operations Executive Jobs,['operations office cash cash handling']
Operations Executive Jobs,['operations immigration']
Operations Executive Jobs,['ops operations']
Operations Executive Jobs,['processing data processing conflict cost management conflict management organization decisionmaking people management']
Operations Executive Jobs,['ops operations advertising operations']
Operations Executive Jobs,['operations bfsi process operations']
Operations Executive Jobs,['java cocoa mac kotlin iphone android xcode android development mac os']
Ios Jobs,['swift ios ios sdk c sdk']
Ios Jobs,['mobile applications ios mobile iphone ipod']
Ios Jobs,['ios java ios development android']
Ios Jobs,['ios sdk ios sdk']
Ios Jobs,['ios connectivity c xamarin android']
Ios Jobs,['swift cocoa touch ios cocoa application mobile']
Ios Jobs,['ios ios sdk application sdk ios development']
Ios Jobs,['swift ios video twilio voip']
Ios Jobs,['apple swift apple software ios c iphone']
Ios Jobs,['ios video twilio voip']
Ios Jobs,['agile swift ios application objectivec c kanban scrum gradle']
Api Jobs,['aspnet c angularjs mvc api net']
Api Jobs,['ux json rest google api kotlin google ux design design sdk android api studio android sdk gradle android studio']
Api Jobs,['java javascript application spring boot boot spring angularjs microservices api gradle angular']
Api Jobs,['java python go gateway api net']
Api Jobs,['web web api api net azure']
Api Jobs,['centrifuge api']
Api Jobs,['ci java jenkins kubernetes cd api java api kafka openshift']
Api Jobs,['ios instagram mobile android api twitter twitter api']
Api Jobs,['api shopify']
Api Jobs,['web angular c api net web api']
Api Jobs,['aspnet javascript c mvc net aspnet mvc sql']
ASP.NET Jobs,['aspnet mvc aspnet mvc']
ASP.NET Jobs,['aspnet android']
ASP.NET Jobs,['aspnet web entity framework framework c api linq jquery web api']
ASP.NET Jobs,['net aspnet mvc c']
ASP.NET Jobs,['aspnet angular mvc c']
ASP.NET Jobs,['aspnet javascript reactjs mvc aspnet mvc epi']
ASP.NET Jobs,['aspnet c sql server sql ms']
ASP.NET Jobs,['aspnet web angular mvc api aspnet mvc aspnet core web api']
Web Api Jobs,['web entity framework framework c mvc api net web api']
Web Api Jobs,['web entity framework framework web api mvc api net azure angular']
Web Api Jobs,['aspnet web angular sql server mvc api aspnet mvc sql web api']
Web Api Jobs,['aspnet web forms api web api']
Design Patterns Jobs,['java core java spring boot boot level design design spring servlets mongodb design patterns kafka struts']
Design Patterns Jobs,['web entity framework framework angular c design design patterns api net web api']
Design Patterns Jobs,['aspnet c sql server design design patterns net css sql']
Design Patterns Jobs,['java web core java design design patterns algorithms']
Design Patterns Jobs,['unix python linux database ruby database design open source design design patterns sql']
Design Patterns Jobs,['gitlab']
Design Patterns Jobs,['java agile soap database rest oracle sql server oracle agile sql api jquery angular']
Design Patterns Jobs,['agile c financial services design design patterns net']
It Helpdesk Jobs,['it service troubleshooting it']
It Helpdesk Jobs,['it service it']
It Helpdesk Jobs,['it customer service']
It Helpdesk Jobs,['bpo it']
It Helpdesk Jobs,['it information technology technology']
It Helpdesk Jobs,['troubleshooting it']
It Helpdesk Jobs,['it mac windows administration windows windows server server support mac os']
It Helpdesk Jobs,['ccna it']
It Helpdesk Jobs,['it service peripherals it remote troubleshooting troubleshooting']
It Helpdesk Jobs,['it windows 81 windows']
Reactjs Jobs,['apps sharepoint reactjs']
Reactjs Jobs,['cms reactjs angular redux']
Reactjs Jobs,['javascript mysql reactjs laravel']
Reactjs Jobs,['javascript reactjs npm webpack redux']
Reactjs Jobs,['java javascript reactjs angular']
Reactjs Jobs,['css reactjs html']
Reactjs Jobs,['reactjs hooks redux']
Sql Database Jobs,['azure paas']
Sql Database Jobs,['operations sql database']
Sql Database Jobs,['python sql']
Sql Database Jobs,['aspnet web database framework angular c rdbms web api kanban mvc scrum api sql azure']
Sql Database Jobs,['python sql database']
Sql Database Jobs,['sql teradata database']
Sql Database Jobs,['ci database cd sql azure']
Sql Database Jobs,['outlook microsoft 365 flow sql server apps office 365 office sql']
AJAX Jobs,['ajax java solr spring mvc thymeleaf lucene javascript spring mvc drools angular']
AJAX Jobs,['css html bootstrap']
AJAX Jobs,['prpc pega prpc']
AJAX Jobs,['ajax javascript web technologies web it it security security html css web services mysql']
AJAX Jobs,['ajax java web scripting hibernate spring sql web services']
AJAX Jobs,['html5 javascript cloud cloud computing computing css']
Rest Api Jobs,['rest spring boot boot jdk spring api angular']
Rest Api Jobs,['java angular']
Rest Api Jobs,['javascript nodejs rest application reactjs mobile api architecture']
Rest Api Jobs,['automation java javascript web integration testing functional testing smoke rest test scripts application application testing cypress regression testing api api testing smoke testing aws azure testing']
Rest Api Jobs,['rest sharepoint administration sharepoint api']
Rest Api Jobs,['salesforce cloud rest api soap']
Exchange Server Jobs,['microsoft 365 microsoft exchange office 365 exchange server office']
Exchange Server Jobs,['microsoft intune 365 mobility office 365 office ms']
Exchange Server Jobs,['skype ms exchange server']
Exchange Server Jobs,['mac windows 10 windows administration windows windows server exchange server troubleshooting mac os']
Exchange Server Jobs,['group policy active directory server support exchange server troubleshooting']
Exchange Server Jobs,['mac active directory windows windows server exchange server troubleshooting operating systems']
Exchange Server Jobs,['group policy active directory ccna windows exchange server windows support']
RDBMS Jobs,['data modeling sap vault modeling data vault']
RDBMS Jobs,['unix shell scripting linux scripting billing mediation rdbms mediation sql']
RDBMS Jobs,['automation sql mysql rdbms']
RDBMS Jobs,['java agile spring boot boot rdbms spring scrum mysql']
RDBMS Jobs,['data modeling rdbms etl modeling talend']
RDBMS Jobs,['net core html5 web entity framework winforms framework rdbms kubernetes net docker web services angular wpf']
RDBMS Jobs,['python agile php database rdbms scrum mysql']
RDBMS Jobs,['java web cloud amazon core java multithreading kubernetes spring design spring cloud design patterns mysql docker algorithms aws']
RDBMS Jobs,['python django']
RDBMS Jobs,['product engineering process engineering manufacturing manufacturing engineering']
Manufacturing Engineer Jobs,['process manufacturing manufacturing']
Manufacturing Engineer Jobs,['electrical design electronics design manufacturing electrical maintenance maintenance']
Manufacturing Engineer Jobs,['b2b sales order sales engineering']
Manufacturing Engineer Jobs,['production planning manufacturing']
Manufacturing Engineer Jobs,['control testing manufacturing testing']
Manufacturing Engineer Jobs,['maintenance engineering engineers design manufacturing power generation maintenance']
Manufacturing Engineer Jobs,['gears electrical maintenance maintenance']
Data Science Jobs,['python mining data visualization statistical modeling visualization data analytics statistics modeling analytics data mining']
Data Science Jobs,['matlab python r']
Data Science Jobs,['embedded data science live']
Data Science Jobs,['python bfsi risk data science risk analytics analytics machine learning']
Data Science Jobs,['java it python data science d3js visualization']
Data Science Jobs,['python django data analytics developers analytics']
Data Science Jobs,['data science business analytics analytics']
Data Science Jobs,['data science']
Data Science Jobs,['javascript reactjs angular d3js']
Data Science Jobs,['sales direct life insurance direct marketing insurance']
Financial Services Jobs,['bfsi retail bank reconciliation finance branch banking']
Financial Services Jobs,['credit loan draft']
Financial Services Jobs,['financial services operations insurance finance']
Financial Services Jobs,['private banking life insurance wealth insurance']
Financial Services Jobs,['finance financial services']
Financial Services Jobs,['bdm']
Financial Services Jobs,['data analytics analytics digital media digital']
Financial Services Jobs,['financial services credit credit control']
Financial Services Jobs,['financial services bfsi insurance writer']
Financial Services Jobs,['b2b loan loans insurance']
Financial Services Jobs,['financial services insurance securities']
Financial Services Jobs,['loan officers loan life insurance loans general officers general insurance insurance']
Financial Services Jobs,['financial services insurance investment fmcg']
Financial Services Jobs,['loan']
Financial Services Jobs,['financial services operations investment finance']
Financial Services Jobs,['hindi english telugu']
Financial Services Jobs,['policy servicing risk insurance marketing training insurance risk insurance training insurance']
Data Analyst Jobs,['artificial intelligence hadoop intelligence']
Data Analyst Jobs,['data analysis mining data mining machine learning']
Data Analyst Jobs,['python sql mongodb']
Data Analyst Jobs,['data analysis mining data extraction data mining']
Data Analyst Jobs,['hotel booking travel airline galileo excel ticketing']
Data Analyst Jobs,['data analysis market research research contact discovery']
Data Analyst Jobs,['operations office office operations chat']
Data Analyst Jobs,['sas data analysis access tableau reporting power bi sql eod research analytics ms']
Data Analyst Jobs,['mining data mining']
Data Analyst Jobs,['matlab data analysis python excel sql']
BPO Fresher Jobs,['customer service bpo cce']
BPO Fresher Jobs,['hiring bpo cce']
BPO Fresher Jobs,['budgeting forecasting finance variance analysis technical analysis']
Budgeting Jobs,['operations financial planning investment banking capital investment budgeting']
Budgeting Jobs,['auditing strategy budgeting']
Budgeting Jobs,['forecasting anaplan oracle budgeting']
Budgeting Jobs,['auditing reporting budgeting forecasting finance financial reporting']
Budgeting Jobs,['sap erp expense management sap capital capital management budgeting']
Budgeting Jobs,['autocad lt autocad']
Budgeting Jobs,['filing computation scrutiny tax financial statements ledger budgeting tax audits']
Budgeting Jobs,['store']
Budgeting Jobs,['sap payments vendor management budgeting']
Budgeting Jobs,['sap erp expense management sap capital capital management budgeting ap reporting']
Budgeting Jobs,['b2b statistics cold calling']
Budgeting Jobs,['consolidation financial planning reporting financial modeling budgeting finance modeling financial reporting']
Budgeting Jobs,['sap erp expense management sap capital capital management budgeting reporting']
Budgeting Jobs,['cash risk cash flow flow financial risk reporting financial reporting']
Budgeting Jobs,['finance ca']
Budgeting Jobs,['product management budgeting']
Budgeting Jobs,['revenue recognition evaluations budgeting forecasting revenue']
Assistant Sales Manager Jobs,['software sales']
Assistant Sales Manager Jobs,['thermal engineering air capital thermal oems bdm hvac machinery']
Assistant Sales Manager Jobs,['fmcg credit travel real estate mutual funds insurance']
Assistant Sales Manager Jobs,['real estate general']
Assistant Sales Manager Jobs,['lead generation market development']
Microbiology Jobs,['microbiology']
Microbiology Jobs,['blood bank']
Microbiology Jobs,['product testing testing microbiology']
Microbiology Jobs,['anatomy biochemistry biotechnology medical medical coding pathology icd life science microbiology physiology']
Microbiology Jobs,['biology biochemistry dietetics nutrition zoology coders medical medical coding healthcare microbiology bioinformatics botany biotechnology']
Microbiology Jobs,['biology biochemistry microbiology biotechnology']
Microbiology Jobs,['typing']
Content Writing Jobs,['english']
Content Writing Jobs,['copywriting writer']
Content Writing Jobs,['academic writing technical writing report writing article writing writer']
